window_duration,rate_opt,g2_min,Rdark
1e-10,10000000000.0,0.99022343,5000000000.0
2e-10,100000000.0,0.99744955,5000000000.0
